time_utc_iso,twl_ft_mllw,tide_ft_mllw,surge_ft,src_time
2026-02-01T00:00:00.000Z,3.109,2.925,0.3,202602010000
2026-02-01T01:00:00.000Z,3.339,3.142,0.3,202602010100
2026-02-01T02:00:00.000Z,3.207,2.808,0.4,202602010200
2026-02-01T03:00:00.000Z,2.879,2.116,0.4,202602010300
2026-02-01T04:00:00.000Z,2.489,1.305,0.4,202602010400
2026-02-01T05:00:00.000Z,2.079,0.472,0.5,202602010500
2026-02-01T06:00:00.000Z,1.669,-0.191,0.6,202602010600
2026-02-01T07:00:00.000Z,1.6,-0.356,0.7,202602010700
2026-02-01T08:00:00.000Z,1.849,0.062,0.8,202602010800
2026-02-01T09:00:00.000Z,2.049,0.832,0.9,202602010900
2026-02-01T10:00:00.000Z,2.66,1.735,1,202602011000
2026-02-01T11:00:00.000Z,3.407,2.664,1.1,202602011100
2026-02-01T12:00:00.000Z,3.919,3.464,1,202602011200
2026-02-01T13:00:00.000Z,4.309,3.883,1.1,202602011300
2026-02-01T14:00:00.000Z,4.519,3.733,1.1,202602011400
2026-02-01T15:00:00.000Z,4.349,3.099,1.2,202602011500
2026-02-01T16:00:00.000Z,3.988,2.239,1.3,202602011600
2026-02-01T17:00:00.000Z,3.47,1.286,1.4,202602011700
2026-02-01T18:00:00.000Z,2.978,0.342,1.3,202602011800
2026-02-01T19:00:00.000Z,2.548,-0.291,1.4,202602011900
2026-02-01T20:00:00.000Z,2.269,-0.357,1.4,202602012000
2026-02-01T21:00:00.000Z,2.289,0.065,1.5,202602012100
2026-02-01T22:00:00.000Z,2.62,0.762,1.5,202602012200
2026-02-01T23:00:00.000Z,2.958,1.611,1.6,202602012300
2026-02-02T00:00:00.000Z,3.46,2.485,1.3,202602020000
2026-02-02T01:00:00.000Z,3.87,3.138,1.3,202602020100
2026-02-02T02:00:00.000Z,4.109,3.291,1.3,202602020200
2026-02-02T03:00:00.000Z,3.958,2.875,1.3,202602020300
2026-02-02T04:00:00.000Z,3.617,2.113,1.3,202602020400
2026-02-02T05:00:00.000Z,3.148,1.242,1.3,202602020500
2026-02-02T06:00:00.000Z,2.709,0.371,1,202602020600
2026-02-02T07:00:00.000Z,2.328,-0.271,1,202602020700
2026-02-02T08:00:00.000Z,2.02,-0.367,1.1,202602020800
2026-02-02T09:00:00.000Z,2.069,0.119,1.1,202602020900
2026-02-02T10:00:00.000Z,2.548,0.937,1.1,202602021000
2026-02-02T11:00:00.000Z,3.03,1.874,1,202602021100
2026-02-02T12:00:00.000Z,3.66,2.809,1,202602021200
2026-02-02T13:00:00.000Z,4.237,3.567,1,202602021300
2026-02-02T14:00:00.000Z,4.628,3.893,1,202602021400
2026-02-02T15:00:00.000Z,4.667,3.628,1,202602021500
2026-02-02T16:00:00.000Z,4.719,2.901,1,202602021600
2026-02-02T17:00:00.000Z,4.017,1.984,0.9,202602021700
2026-02-02T18:00:00.000Z,3.45,1.005,1.2,202602021800
2026-02-02T19:00:00.000Z,2.968,0.09,1.2,202602021900
2026-02-02T20:00:00.000Z,2.558,-0.441,1.2,202602022000
2026-02-02T21:00:00.000Z,2.318,-0.373,1.1,202602022100
2026-02-02T22:00:00.000Z,2.42,0.167,1.1,202602022200
2026-02-02T23:00:00.000Z,2.997,0.952,1.1,202602022300
2026-02-03T00:00:00.000Z,3.279,1.852,1.2,202602030000
2026-02-03T01:00:00.000Z,3.827,2.73,1.2,202602030100
2026-02-03T02:00:00.000Z,4.237,3.326,1.1,202602030200
2026-02-03T03:00:00.000Z,4.368,3.374,1.1,202602030300
2026-02-03T04:00:00.000Z,4.047,2.854,1,202602030400
2026-02-03T05:00:00.000Z,3.607,2.03,1,202602030500
2026-02-03T06:00:00.000Z,3.129,1.131,1.1,202602030600
2026-02-03T07:00:00.000Z,2.83,0.263,1,202602030700
2026-02-03T08:00:00.000Z,2.269,-0.314,1,202602030800
2026-02-03T09:00:00.000Z,1.958,-0.302,1,202602030900
2026-02-03T10:00:00.000Z,2.03,0.272,0.9,202602031000
2026-02-03T11:00:00.000Z,2.64,1.127,0.9,202602031100
2026-02-03T12:00:00.000Z,3.089,2.054,1,202602031200
2026-02-03T13:00:00.000Z,3.617,2.942,0.9,202602031300
2026-02-03T14:00:00.000Z,4.109,3.611,0.9,202602031400
2026-02-03T15:00:00.000Z,4.378,3.804,0.9,202602031500
2026-02-03T16:00:00.000Z,4.28,3.401,0.8,202602031600
2026-02-03T17:00:00.000Z,3.929,2.594,0.8,202602031700
2026-02-03T18:00:00.000Z,3.427,1.658,0.8,202602031800
2026-02-03T19:00:00.000Z,2.919,0.7,0.8,202602031900
2026-02-03T20:00:00.000Z,2.387,-0.129,0.8,202602032000
2026-02-03T21:00:00.000Z,1.948,-0.501,0.7,202602032100
2026-02-03T22:00:00.000Z,1.758,-0.261,0.7,202602032200
2026-02-03T23:00:00.000Z,2.099,0.393,0.6,202602032300
2026-02-04T00:00:00.000Z,2.558,1.229,0.6,202602040000
2026-02-04T01:00:00.000Z,3.158,2.133,0.6,202602040100
2026-02-04T02:00:00.000Z,3.68,2.966,0.6,202602040200
2026-02-04T03:00:00.000Z,3.919,3.459,0.5,202602040300
2026-02-04T04:00:00.000Z,3.929,3.368,0.5,202602040400
2026-02-04T05:00:00.000Z,3.68,2.746,0.5,202602040500
2026-02-04T06:00:00.000Z,3.207,1.888,0.5,202602040600
2026-02-04T07:00:00.000Z,2.709,0.993,0.5,202602040700
2026-02-04T08:00:00.000Z,2.22,0.169,0.5,202602040800
2026-02-04T09:00:00.000Z,1.79,-0.296,0.4,202602040900
2026-02-04T10:00:00.000Z,1.557,-0.146,0.4,202602041000
2026-02-04T11:00:00.000Z,1.889,0.504,0.4,202602041100
2026-02-04T12:00:00.000Z,2.42,1.352,0.4,202602041200
2026-02-04T13:00:00.000Z,2.978,2.225,0.4,202602041300
2026-02-04T14:00:00.000Z,3.398,3.029,0.4,202602041400
2026-02-04T15:00:00.000Z,3.808,3.571,0.4,202602041500
2026-02-04T16:00:00.000Z,3.988,3.604,0.3,202602041600
2026-02-04T17:00:00.000Z,3.739,3.072,0.3,202602041700
2026-02-04T18:00:00.000Z,3.299,2.22,0.3,202602041800
2026-02-04T19:00:00.000Z,2.748,1.307,0.3,202602041900
2026-02-04T20:00:00.000Z,2.259,0.419,0.3,202602042000
2026-02-04T21:00:00.000Z,1.781,-0.264,0.3,202602042100
2026-02-04T22:00:00.000Z,1.469,-0.43,0.3,202602042200
2026-02-04T23:00:00.000Z,1.557,-0.021,0.3,202602042300
2026-02-05T00:00:00.000Z,2.03,0.708,0.3,202602050000
2026-02-05T01:00:00.000Z,2.519,1.549,0.3,202602050100
2026-02-05T02:00:00.000Z,2.968,2.418,0.3,202602050200
2026-02-05T03:00:00.000Z,3.358,3.164,0.3,202602050300
2026-02-05T04:00:00.000Z,3.68,3.514,0.3,202602050400
2026-02-05T05:00:00.000Z,3.709,3.275,0.3,202602050500
2026-02-05T06:00:00.000Z,3.398,2.573,0.4,202602050600
2026-02-05T07:00:00.000Z,2.938,1.709,0.4,202602050700
2026-02-05T08:00:00.000Z,2.479,0.85,0.4,202602050800
2026-02-05T09:00:00.000Z,1.981,0.117,0.4,202602050900
2026-02-05T10:00:00.000Z,1.59,-0.198,0.4,202602051000
2026-02-05T11:00:00.000Z,1.571,0.081,0.4,202602051100
2026-02-05T12:00:00.000Z,2.03,0.764,0.4,202602051200
2026-02-05T13:00:00.000Z,2.489,1.563,0.4,202602051300
2026-02-05T14:00:00.000Z,2.978,2.353,0.5,202602051400
2026-02-05T15:00:00.000Z,3.47,3.047,0.5,202602051500
2026-02-05T16:00:00.000Z,3.909,3.44,0.5,202602051600
2026-02-05T17:00:00.000Z,3.958,3.314,0.5,202602051700
2026-02-05T18:00:00.000Z,3.607,2.683,0.5,202602051800
2026-02-05T19:00:00.000Z,3.007,1.828,0.6,202602051900
2026-02-05T20:00:00.000Z,2.587,0.979,0.6,202602052000
2026-02-05T21:00:00.000Z,2.069,0.213,0.6,202602052100
2026-02-05T22:00:00.000Z,1.61,-0.275,0.6,202602052200
2026-02-05T23:00:00.000Z,1.469,-0.232,0.7,202602052300
2026-02-06T00:00:00.000Z,1.765,0.301,0.6,202602060000
2026-02-06T01:00:00.000Z,2.21,1.057,0.7,202602060100
2026-02-06T02:00:00.000Z,2.679,1.87,0.7,202602060200
2026-02-06T03:00:00.000Z,3.346,2.67,0.7,202602060300
2026-02-06T04:00:00.000Z,4.037,3.295,0.7,202602060400
2026-02-06T05:00:00.000Z,4.485,3.487,0.8,202602060500
2026-02-06T06:00:00.000Z,4.294,3.115,0.8,202602060600
2026-02-06T07:00:00.000Z,3.744,2.36,0.8,202602060700
2026-02-06T08:00:00.000Z,3.126,1.521,0.8,202602060800
2026-02-06T09:00:00.000Z,2.626,0.737,0.9,202602060900
2026-02-06T10:00:00.000Z,2.102,0.133,0.9,202602061000
2026-02-06T11:00:00.000Z,1.875,-0.031,0.9,202602061100
2026-02-06T12:00:00.000Z,2.141,0.334,1,202602061200
2026-02-06T13:00:00.000Z,2.545,1.002,1,202602061300
2026-02-06T14:00:00.000Z,3.04,1.727,1,202602061400
2026-02-06T15:00:00.000Z,3.706,2.421,1.1,202602061500
2026-02-06T16:00:00.000Z,4.264,2.99,1.1,202602061600
2026-02-06T17:00:00.000Z,4.613,3.234,1.1,202602061700
2026-02-06T18:00:00.000Z,4.566,2.974,1.1,202602061800
2026-02-06T19:00:00.000Z,4.239,2.284,1.2,202602061900
2026-02-06T20:00:00.000Z,3.639,1.466,1.2,202602062000
2026-02-06T21:00:00.000Z,3.034,0.727,1.2,202602062100
2026-02-06T22:00:00.000Z,2.601,0.125,1.3,202602062200
2026-02-06T23:00:00.000Z,2.29,-0.165,1.3,202602062300
2026-02-07T00:00:00.000Z,2.309,0.043,1.3,202602070000
2026-02-07T01:00:00.000Z,2.576,0.649,1.3,202602070100
2026-02-07T02:00:00.000Z,3.003,1.395,1.3,202602070200
2026-02-07T03:00:00.000Z,3.617,2.153,1.3,202602070300
2026-02-07T04:00:00.000Z,4.328,2.86,1.3,202602070400
2026-02-07T05:00:00.000Z,4.85,3.352,1.3,202602070500
2026-02-07T06:00:00.000Z,4.926,3.394,1.3,202602070600
2026-02-07T07:00:00.000Z,4.551,2.912,1.3,202602070700
2026-02-07T08:00:00.000Z,3.98,2.138,1.3,202602070800
2026-02-07T09:00:00.000Z,3.439,1.364,1.3,202602070900
2026-02-07T10:00:00.000Z,2.943,0.689,1.3,202602071000
2026-02-07T11:00:00.000Z,2.531,0.213,1.3,202602071100
2026-02-07T12:00:00.000Z,2.294,0.16,1.2,202602071200
2026-02-07T13:00:00.000Z,2.506,0.565,1.2,202602071300
2026-02-07T14:00:00.000Z,2.737,1.19,1,202602071400
2026-02-07T15:00:00.000Z,3.262,1.831,1,202602071500
2026-02-07T16:00:00.000Z,3.706,2.424,0.9,202602071600
2026-02-07T17:00:00.000Z,4.152,2.875,0.9,202602071700
2026-02-07T18:00:00.000Z,4.339,2.992,0.9,202602071800
2026-02-07T19:00:00.000Z,4.128,2.629,0.9,202602071900
2026-02-07T20:00:00.000Z,3.582,1.919,0.9,202602072000
2026-02-07T21:00:00.000Z,2.968,1.187,0.9,202602072100
2026-02-07T22:00:00.000Z,2.465,0.591,0.9,202602072200
2026-02-07T23:00:00.000Z,1.984,0.149,0.8,202602072300
2026-02-08T00:00:00.000Z,1.783,0.015,0.8,202602080000
2026-02-08T01:00:00.000Z,1.875,0.334,0.8,202602080100
2026-02-08T02:00:00.000Z,2.266,0.97,0.8,202602080200
2026-02-08T03:00:00.000Z,2.865,1.681,0.8,202602080300
2026-02-08T04:00:00.000Z,3.633,2.369,0.9,202602080400
2026-02-08T05:00:00.000Z,4.278,2.978,1,202602080500
2026-02-08T06:00:00.000Z,4.544,3.346,1,202602080600
2026-02-08T07:00:00.000Z,4.442,3.256,1,202602080700
2026-02-08T08:00:00.000Z,4.118,2.697,1.1,202602080800
2026-02-08T09:00:00.000Z,3.587,1.951,1.1,202602080900
2026-02-08T10:00:00.000Z,3.127,1.277,1.1,202602081000
2026-02-08T11:00:00.000Z,2.609,0.705,1,202602081100
2026-02-08T12:00:00.000Z,2.261,0.32,1,202602081200
2026-02-08T13:00:00.000Z,2.192,0.333,1,202602081300
2026-02-08T14:00:00.000Z,2.495,0.744,1,202602081400
2026-02-08T15:00:00.000Z,3.002,1.312,1,202602081500
2026-02-08T16:00:00.000Z,3.514,1.871,1,202602081600
2026-02-08T17:00:00.000Z,3.943,2.378,1,202602081700
2026-02-08T18:00:00.000Z,4.248,2.737,1,202602081800
2026-02-08T19:00:00.000Z,4.29,2.751,1,202602081900
2026-02-08T20:00:00.000Z,3.922,2.318,1,202602082000
2026-02-08T21:00:00.000Z,3.291,1.639,1,202602082100
2026-02-08T22:00:00.000Z,2.649,1.029,0.9,202602082200
2026-02-08T23:00:00.000Z,2.294,0.567,0.9,202602082300
2026-02-09T00:00:00.000Z,2.007,0.237,0.9,202602090000
2026-02-09T01:00:00.000Z,1.878,0.206,0.9,202602090100
2026-02-09T02:00:00.000Z,2.129,0.594,0.9,202602090200
2026-02-09T03:00:00.000Z,2.622,1.228,0.8,202602090300
2026-02-09T04:00:00.000Z,3.381,1.89,0.9,202602090400
2026-02-09T05:00:00.000Z,3.892,2.51,0.9,202602090500
2026-02-09T06:00:00.000Z,4.222,3.039,0.9,202602090600
2026-02-09T07:00:00.000Z,4.354,3.298,0.9,202602090700
2026-02-09T08:00:00.000Z,4.189,3.103,0.9,202602090800
2026-02-09T09:00:00.000Z,3.735,2.515,0.9,202602090900
2026-02-09T10:00:00.000Z,3.24,1.841,0.9,202602091000
2026-02-09T11:00:00.000Z,2.849,1.261,0.9,202602091100
2026-02-09T12:00:00.000Z,2.475,0.749,0.9,202602091200
2026-02-09T13:00:00.000Z,2.185,0.411,0.9,202602091300
2026-02-09T14:00:00.000Z,2.244,0.46,0.9,202602091400
2026-02-09T15:00:00.000Z,2.669,0.858,0.9,202602091500
2026-02-09T16:00:00.000Z,3.171,1.367,0.9,202602091600
2026-02-09T17:00:00.000Z,3.569,1.863,0.9,202602091700
2026-02-09T18:00:00.000Z,3.885,2.313,0.9,202602091800
2026-02-09T19:00:00.000Z,4.088,2.603,0.9,202602091900
2026-02-09T20:00:00.000Z,3.969,2.541,0.9,202602092000
2026-02-09T21:00:00.000Z,3.452,2.086,0.9,202602092100
2026-02-09T22:00:00.000Z,2.845,1.481,0.9,202602092200
2026-02-09T23:00:00.000Z,2.457,0.987,0.9,202602092300
2026-02-10T00:00:00.000Z,2.097,0.606,0.8,202602100000
2026-02-10T01:00:00.000Z,1.847,0.333,0.8,202602100100
2026-02-10T02:00:00.000Z,1.865,0.366,0.8,202602100200
2026-02-10T03:00:00.000Z,2.24,0.789,0.7,202602100300
2026-02-10T04:00:00.000Z,2.909,1.404,0.7,202602100400
2026-02-10T05:00:00.000Z,3.318,2.022,0.7,202602100500
2026-02-10T06:00:00.000Z,3.893,2.597,0.7,202602100600
